{
    "$schema": "http://json-schema.org/draft-07/schema#",
    "type": "object",
    "properties": {
      "item_id": {
        "type": "string"
      },
      "item_name": {
        "type": "string"
      },
      "item_price": {
        "type": "number",
        "minimum": 0
      },
      "item_image": {
        "type": "string"
      },
      "item_quantity": {
        "type": "integer",
        "minimum": 1
      }
    },
    "required": ["item_id", "item_name", "item_price", "item_image", "item_quantity"]
  }
  