[
    {
        "Rev_Date": "2025-04-25 11:53:23",
        "prod_title": "FIFA-22-PS5",
        "Comment": "ffffff",
        "Rating": 1,
        "Cust_ID": 4003,
        "Cust_name": "test"
    },
    {
        "Rev_Date": "2025-04-25 11:57:38",
        "prod_title": "The-48-Laws-of-Power",
        "Comment": "nice",
        "Rating": 4,
        "Cust_ID": 4003,
        "Cust_name": "test"
    },
    {
        "Rev_Date": "2025-04-25 13:03:21",
        "prod_title": "Think Outside Of The Matrix",
        "Comment": "good book",
        "Rating": 5,
        "Cust_ID": 4003,
        "Cust_name": "test"
    },
    {
        "Rev_Date": "2025-04-25 13:04:37",
        "prod_title": "Alan-Wake",
        "Comment": "good book",
        "Rating": 5,
        "Cust_ID": 4003,
        "Cust_name": "test"
    },
    {
        "Rev_Date": "2025-04-25 14:03:58",
        "prod_title": "The-48-Laws-of-Power",
        "Comment": "ssssss",
        "Rating": 1,
        "Cust_ID": 4003,
        "Cust_name": "test"
    },
    {
        "Rev_Date": "2025-04-25 14:11:38",
        "prod_title": "Tekken 8",
        "Comment": "aaaaaa",
        "Rating": 1,
        "Cust_ID": 4003,
        "Cust_name": "test"
    },
    {
        "Rev_Date": "2025-04-25 14:13:10",
        "prod_title": "Tekken 8",
        "Comment": "aaaaaa",
        "Rating": 1,
        "Cust_ID": 4003,
        "Cust_name": "test"
    },
    {
        "Rev_Date": "2025-04-25 14:13:20",
        "prod_title": "Think Outside Of The Matrix",
        "Comment": "eeeeeeee",
        "Rating": 1,
        "Cust_ID": 4003,
        "Cust_name": "test"
    },
    {
        "Rev_Date": "2025-04-25 14:17:19",
        "prod_title": "The-48-Laws-of-Power",
        "Comment": "aaaaaaaaaaaaa",
        "Rating": 1,
        "Cust_ID": 4003,
        "Cust_name": "test"
    },
    {
        "Rev_Date": "2025-04-25 14:17:23",
        "prod_title": "The-48-Laws-of-Power",
        "Comment": "aaaaaaaaaaaaa",
        "Rating": 1,
        "Cust_ID": 4003,
        "Cust_name": "test"
    },
    {
        "Rev_Date": "2025-04-25 14:17:25",
        "prod_title": "The-48-Laws-of-Power",
        "Comment": "aaaaaaaaaaaaa",
        "Rating": 1,
        "Cust_ID": 4003,
        "Cust_name": "test"
    },
    {
        "Rev_Date": "2025-04-25 14:17:25",
        "prod_title": "The-48-Laws-of-Power",
        "Comment": "aaaaaaaaaaaaa",
        "Rating": 1,
        "Cust_ID": 4003,
        "Cust_name": "test"
    },
    {
        "Rev_Date": "2025-04-25 14:17:25",
        "prod_title": "The-48-Laws-of-Power",
        "Comment": "aaaaaaaaaaaaa",
        "Rating": 1,
        "Cust_ID": 4003,
        "Cust_name": "test"
    },
    {
        "Rev_Date": "2025-04-25 14:17:26",
        "prod_title": "The-48-Laws-of-Power",
        "Comment": "aaaaaaaaaaaaa",
        "Rating": 1,
        "Cust_ID": 4003,
        "Cust_name": "test"
    },
    {
        "Rev_Date": "2025-04-25 14:17:28",
        "prod_title": "The-48-Laws-of-Power",
        "Comment": "aaaaaaaaaaaaa",
        "Rating": 1,
        "Cust_ID": 4003,
        "Cust_name": "test"
    },
    {
        "Rev_Date": "2025-04-25 14:18:00",
        "prod_title": "The-48-Laws-of-Power",
        "Comment": "aaaaaaaaaaaaa",
        "Rating": 1,
        "Cust_ID": 4003,
        "Cust_name": "test"
    },
    {
        "Rev_Date": "2025-04-25 14:18:08",
        "prod_title": "The-48-Laws-of-Power",
        "Comment": "aaaaaaaaaaaaa",
        "Rating": 1,
        "Cust_ID": 4003,
        "Cust_name": "test"
    },
    {
        "Rev_Date": "2025-04-25 14:18:09",
        "prod_title": "The-48-Laws-of-Power",
        "Comment": "aaaaaaaaaaaaa",
        "Rating": 1,
        "Cust_ID": 4003,
        "Cust_name": "test"
    },
    {
        "Rev_Date": "2025-04-25 14:18:20",
        "prod_title": "Think Outside Of The Matrix",
        "Comment": "a",
        "Rating": 1,
        "Cust_ID": 4003,
        "Cust_name": "test"
    },
    {
        "Rev_Date": "2025-04-25 14:18:21",
        "prod_title": "Think Outside Of The Matrix",
        "Comment": "a",
        "Rating": 1,
        "Cust_ID": 4003,
        "Cust_name": "test"
    },
    {
        "Rev_Date": "2025-04-25 14:18:21",
        "prod_title": "Think Outside Of The Matrix",
        "Comment": "a",
        "Rating": 1,
        "Cust_ID": 4003,
        "Cust_name": "test"
    },
    {
        "Rev_Date": "2025-04-25 14:18:21",
        "prod_title": "Think Outside Of The Matrix",
        "Comment": "a",
        "Rating": 1,
        "Cust_ID": 4003,
        "Cust_name": "test"
    },
    {
        "Rev_Date": "2025-04-25 14:18:22",
        "prod_title": "Think Outside Of The Matrix",
        "Comment": "a",
        "Rating": 1,
        "Cust_ID": 4003,
        "Cust_name": "test"
    },
    {
        "Rev_Date": "2025-04-25 14:18:23",
        "prod_title": "Think Outside Of The Matrix",
        "Comment": "a",
        "Rating": 1,
        "Cust_ID": 4003,
        "Cust_name": "test"
    },
    {
        "Rev_Date": "2025-04-25 14:20:19",
        "prod_title": "Think Outside Of The Matrix",
        "Comment": "a",
        "Rating": 1,
        "Cust_ID": 4003,
        "Cust_name": "test"
    },
    {
        "Rev_Date": "2025-04-25 14:20:19",
        "prod_title": "Think Outside Of The Matrix",
        "Comment": "a",
        "Rating": 1,
        "Cust_ID": 4003,
        "Cust_name": "test"
    },
    {
        "Rev_Date": "2025-04-25 14:20:20",
        "prod_title": "Think Outside Of The Matrix",
        "Comment": "a",
        "Rating": 1,
        "Cust_ID": 4003,
        "Cust_name": "test"
    },
    {
        "Rev_Date": "2025-04-25 14:20:21",
        "prod_title": "Think Outside Of The Matrix",
        "Comment": "a",
        "Rating": 1,
        "Cust_ID": 4003,
        "Cust_name": "test"
    },
    {
        "Rev_Date": "2025-04-25 14:20:51",
        "prod_title": "a",
        "Comment": "aaaaaa",
        "Rating": 1,
        "Cust_ID": 4003,
        "Cust_name": "test"
    },
    {
        "Rev_Date": "2025-04-25 14:20:52",
        "prod_title": "a",
        "Comment": "aaaaaa",
        "Rating": 1,
        "Cust_ID": 4003,
        "Cust_name": "test"
    },
    {
        "Rev_Date": "2025-04-25 14:20:52",
        "prod_title": "a",
        "Comment": "aaaaaa",
        "Rating": 1,
        "Cust_ID": 4003,
        "Cust_name": "test"
    },
    {
        "Rev_Date": "2025-04-25 14:21:10",
        "prod_title": "a",
        "Comment": "aaaaaa",
        "Rating": 1,
        "Cust_ID": 4003,
        "Cust_name": "test"
    },
    {
        "Rev_Date": "2025-04-25 21:20:18",
        "prod_title": "Manipulation",
        "Comment": "good\r\n",
        "Rating": 1,
        "Cust_ID": 4009,
        "Cust_name": "test"
    }
]