[
    {
        "Rev_ID": 9017,
        "Rev_Date": "2024-10-12",
        "prod_title": "The-48-Laws-Of-Power\r\n",
        "Comment": "bad",
        "Rating": 1,
        "Cust_ID": 4003,
        "Cust_name": "test"
    },
    {
        "Rev_ID": 9019,
        "Rev_Date": "2024-10-13",
        "prod_title": "Think Outside Of The Matrix",
        "Comment": "good",
        "Rating": 3,
        "Cust_ID": 4007,
        "Cust_name": "test789"
    },
    {
        "Rev_ID": 9020,
        "Rev_Date": "2025-04-25",
        "prod_title": "Manipulation",
        "Comment": "good\r\n",
        "Rating": 1,
        "Cust_ID": 4009,
        "Cust_name": "test"
    }
]