{
    "$schema": "http://json-schema.org/draft-07/schema#",
    "type": "array",
    "items": {
        "type": "object",
        "properties": {
            "Rev_ID": {"type": "integer"},
            "Rev_Date": {"type": "string", "format": "date-time"},
            "prod_title": {"type": "string"},
            "Comment": {"type": "string"},
            "Rating": {"type": "integer", "minimum": 1, "maximum": 5},
            "customer": {
                "type": "object",
                "properties": {
                    "Cust_ID": {"type": "integer"},
                    "Cust_name": {"type": "string"},
                    "Cust_email": {"type": "string", "format": "email"}
                },
                "required": ["Cust_ID", "Cust_name", "Cust_email"]
            }
        },
        "required": ["Rev_ID", "Rev_Date", "prod_title", "Comment", "Rating", "customer"]
    }
}