{
    "$schema": "http://json-schema.org/draft-07/schema#",
    "type": "object",
    "properties": {
        "reviews": {
            "type": "array",
            "items": {
                "type": "object",
                "properties": {
                    "Rev_ID": {"type": "integer"},
                    "Rev_Date": {"type": "string", "format": "date-time"},
                    "prod_title": {"type": "string"},
                    "Comment": {"type": "string"},
                    "Rating": {"type": "integer", "minimum": 1, "maximum": 5},
                    "Cust_ID": {"type": "integer"},
                    "Cust_name": {"type": "string"}
                },
                "required": ["Rev_ID", "Rev_Date", "prod_title", "Comment", "Rating", "Cust_ID", "Cust_name"]
            }
        }
    },
    "required": ["reviews"]
}